country,gender,category,year
Belgium,men,U20,2015
Bosnia and Herzegovina,men,U20,2015
Bulgaria,men,U20,2015
Croatia,men,U20,2015
Czech Republic,men,U20,2015
France,men,U20,2015
Germany,men,U20,2015
Great Britain,men,U20,2015
Greece,men,U20,2015
Israel,men,U20,2015
Italy,men,U20,2015
Latvia,men,U20,2015
Lithuania,men,U20,2015
Poland,men,U20,2015
Russia,men,U20,2015
Serbia,men,U20,2015
Slovenia,men,U20,2015
Spain,men,U20,2015
Turkey,men,U20,2015
Ukraine,men,U20,2015
Albania,men,U20,2015
Armenia,men,U20,2015
Austria,men,U20,2015
Belarus,men,U20,2015
Georgia,men,U20,2015
Hungary,men,U20,2015
Kosovo,men,U20,2015
Luxembourg,men,U20,2015
North Macedonia,men,U20,2015
Moldova,men,U20,2015
Montenegro,men,U20,2015
Netherlands,men,U20,2015
Portugal,men,U20,2015
Romania,men,U20,2015
Slovakia,men,U20,2015
Sweden,men,U20,2015
Switzerland,men,U20,2015
Bosnia and Herzegovina,men,U18,2015
Croatia,men,U18,2015
Czech Republic,men,U18,2015
Finland,men,U18,2015
France,men,U18,2015
Germany,men,U18,2015
Greece,men,U18,2015
Italy,men,U18,2015
Latvia,men,U18,2015
Lithuania,men,U18,2015
Montenegro,men,U18,2015
Russia,men,U18,2015
Serbia,men,U18,2015
Spain,men,U18,2015
Turkey,men,U18,2015
Ukraine,men,U18,2015
Albania,men,U18,2015
Austria,men,U18,2015
Belarus,men,U18,2015
Belgium,men,U18,2015
Bulgaria,men,U18,2015
Denmark,men,U18,2015
England,men,U18,2015
Estonia,men,U18,2015
Georgia,men,U18,2015
Hungary,men,U18,2015
Iceland,men,U18,2015
Ireland,men,U18,2015
Israel,men,U18,2015
Luxembourg,men,U18,2015
North Macedonia,men,U18,2015
Netherlands,men,U18,2015
Poland,men,U18,2015
Portugal,men,U18,2015
Romania,men,U18,2015
Scotland,men,U18,2015
Slovakia,men,U18,2015
Slovenia,men,U18,2015
Sweden,men,U18,2015
Switzerland,men,U18,2015
Bosnia and Herzegovina,men,U16,2015
Croatia,men,U16,2015
England,men,U16,2015
Finland,men,U16,2015
France,men,U16,2015
Germany,men,U16,2015
Greece,men,U16,2015
Israel,men,U16,2015
Italy,men,U16,2015
Latvia,men,U16,2015
Lithuania,men,U16,2015
Montenegro,men,U16,2015
Russia,men,U16,2015
Serbia,men,U16,2015
Spain,men,U16,2015
Turkey,men,U16,2015
Austria,men,U16,2015
Belarus,men,U16,2015
Belgium,men,U16,2015
Bulgaria,men,U16,2015
Czech Republic,men,U16,2015
Denmark,men,U16,2015
Estonia,men,U16,2015
Georgia,men,U16,2015
Hungary,men,U16,2015
Iceland,men,U16,2015
Ireland,men,U16,2015
Luxembourg,men,U16,2015
North Macedonia,men,U16,2015
Netherlands,men,U16,2015
Norway,men,U16,2015
Poland,men,U16,2015
Portugal,men,U16,2015
Romania,men,U16,2015
Scotland,men,U16,2015
Slovakia,men,U16,2015
Slovenia,men,U16,2015
Sweden,men,U16,2015
Switzerland,men,U16,2015
Ukraine,men,U16,2015
Bulgaria,men,U20,2014
Croatia,men,U20,2014
Czech Republic,men,U20,2014
France,men,U20,2014
Germany,men,U20,2014
Great Britain,men,U20,2014
Greece,men,U20,2014
Hungary,men,U20,2014
Israel,men,U20,2014
Italy,men,U20,2014
Latvia,men,U20,2014
Lithuania,men,U20,2014
Montenegro,men,U20,2014
Poland,men,U20,2014
Russia,men,U20,2014
Serbia,men,U20,2014
Slovenia,men,U20,2014
Spain,men,U20,2014
Sweden,men,U20,2014
Turkey,men,U20,2014
Austria,men,U20,2014
Belarus,men,U20,2014
Belgium,men,U20,2014
Bosnia and Herzegovina,men,U20,2014
Cyprus,men,U20,2014
Estonia,men,U20,2014
Finland,men,U20,2014
Georgia,men,U20,2014
Luxembourg,men,U20,2014
Netherlands,men,U20,2014
Portugal,men,U20,2014
Romania,men,U20,2014
Switzerland,men,U20,2014
Ukraine,men,U20,2014
Belgium,men,U18,2014
Bosnia and Herzegovina,men,U18,2014
Croatia,men,U18,2014
Czech Republic,men,U18,2014
England,men,U18,2014
France,men,U18,2014
Greece,men,U18,2014
Italy,men,U18,2014
Latvia,men,U18,2014
Lithuania,men,U18,2014
Montenegro,men,U18,2014
Poland,men,U18,2014
Russia,men,U18,2014
Serbia,men,U18,2014
Spain,men,U18,2014
Turkey,men,U18,2014
Austria,men,U18,2014
Bulgaria,men,U18,2014
Denmark,men,U18,2014
Estonia,men,U18,2014
Finland,men,U18,2014
Georgia,men,U18,2014
Germany,men,U18,2014
Hungary,men,U18,2014
Iceland,men,U18,2014
Ireland,men,U18,2014
Israel,men,U18,2014
Luxembourg,men,U18,2014
North Macedonia,men,U18,2014
Netherlands,men,U18,2014
Norway,men,U18,2014
Portugal,men,U18,2014
Romania,men,U18,2014
Scotland,men,U18,2014
Slovenia,men,U18,2014
Sweden,men,U18,2014
Switzerland,men,U18,2014
Ukraine,men,U18,2014
Bosnia and Herzegovina,men,U16,2014
Croatia,men,U16,2014
Denmark,men,U16,2014
Finland,men,U16,2014
France,men,U16,2014
Germany,men,U16,2014
Greece,men,U16,2014
Italy,men,U16,2014
Latvia,men,U16,2014
Lithuania,men,U16,2014
Poland,men,U16,2014
Russia,men,U16,2014
Serbia,men,U16,2014
Spain,men,U16,2014
Turkey,men,U16,2014
Ukraine,men,U16,2014
Albania,men,U16,2014
Austria,men,U16,2014
Belgium,men,U16,2014
Bulgaria,men,U16,2014
Czech Republic,men,U16,2014
England,men,U16,2014
Estonia,men,U16,2014
Georgia,men,U16,2014
Hungary,men,U16,2014
Ireland,men,U16,2014
Israel,men,U16,2014
Luxembourg,men,U16,2014
North Macedonia,men,U16,2014
Montenegro,men,U16,2014
Netherlands,men,U16,2014
Norway,men,U16,2014
Portugal,men,U16,2014
Romania,men,U16,2014
Scotland,men,U16,2014
Slovenia,men,U16,2014
Sweden,men,U16,2014
Switzerland,men,U16,2014
Bulgaria,men,U20,2013
Croatia,men,U20,2013
Czech Republic,men,U20,2013
Estonia,men,U20,2013
France,men,U20,2013
Georgia,men,U20,2013
Germany,men,U20,2013
Greece,men,U20,2013
Israel,men,U20,2013
Italy,men,U20,2013
Latvia,men,U20,2013
Lithuania,men,U20,2013
Montenegro,men,U20,2013
Russia,men,U20,2013
Serbia,men,U20,2013
Slovenia,men,U20,2013
Spain,men,U20,2013
Sweden,men,U20,2013
Turkey,men,U20,2013
Ukraine,men,U20,2013
Belgium,men,U20,2013
Cyprus,men,U20,2013
Great Britain,men,U20,2013
Hungary,men,U20,2013
Luxembourg,men,U20,2013
Netherlands,men,U20,2013
Poland,men,U20,2013
Portugal,men,U20,2013
Romania,men,U20,2013
Slovakia,men,U20,2013
Switzerland,men,U20,2013
Bosnia and Herzegovina,men,U18,2013
Bulgaria,men,U18,2013
Croatia,men,U18,2013
Czech Republic,men,U18,2013
England,men,U18,2013
France,men,U18,2013
Greece,men,U18,2013
Italy,men,U18,2013
Latvia,men,U18,2013
Lithuania,men,U18,2013
Russia,men,U18,2013
Serbia,men,U18,2013
Slovenia,men,U18,2013
Spain,men,U18,2013
Turkey,men,U18,2013
Ukraine,men,U18,2013
Austria,men,U18,2013
Belarus,men,U18,2013
Belgium,men,U18,2013
Denmark,men,U18,2013
Estonia,men,U18,2013
Finland,men,U18,2013
Georgia,men,U18,2013
Germany,men,U18,2013
Hungary,men,U18,2013
Israel,men,U18,2013
Luxembourg,men,U18,2013
North Macedonia,men,U18,2013
Montenegro,men,U18,2013
Netherlands,men,U18,2013
Norway,men,U18,2013
Poland,men,U18,2013
Portugal,men,U18,2013
Romania,men,U18,2013
Scotland,men,U18,2013
Slovakia,men,U18,2013
Sweden,men,U18,2013
Switzerland,men,U18,2013
Belgium,men,U16,2013
Croatia,men,U16,2013
France,men,U16,2013
Germany,men,U16,2013
Greece,men,U16,2013
Italy,men,U16,2013
Latvia,men,U16,2013
Lithuania,men,U16,2013
Montenegro,men,U16,2013
Poland,men,U16,2013
Russia,men,U16,2013
Serbia,men,U16,2013
Spain,men,U16,2013
Sweden,men,U16,2013
Turkey,men,U16,2013
Ukraine,men,U16,2013
Austria,men,U16,2013
Belarus,men,U16,2013
Bosnia and Herzegovina,men,U16,2013
Bulgaria,men,U16,2013
Czech Republic,men,U16,2013
Denmark,men,U16,2013
England,men,U16,2013
Estonia,men,U16,2013
Finland,men,U16,2013
Georgia,men,U16,2013
Hungary,men,U16,2013
Ireland,men,U16,2013
Israel,men,U16,2013
Luxembourg,men,U16,2013
North Macedonia,men,U16,2013
Netherlands,men,U16,2013
Norway,men,U16,2013
Portugal,men,U16,2013
Romania,men,U16,2013
Slovakia,men,U16,2013
Slovenia,men,U16,2013
Switzerland,men,U16,2013
Estonia,men,U20,2012
France,men,U20,2012
Georgia,men,U20,2012
Germany,men,U20,2012
Greece,men,U20,2012
Italy,men,U20,2012
Latvia,men,U20,2012
Lithuania,men,U20,2012
Montenegro,men,U20,2012
Russia,men,U20,2012
Serbia,men,U20,2012
Slovenia,men,U20,2012
Spain,men,U20,2012
Sweden,men,U20,2012
Turkey,men,U20,2012
Ukraine,men,U20,2012
Austria,men,U20,2012
Belarus,men,U20,2012
Belgium,men,U20,2012
Bulgaria,men,U20,2012
Croatia,men,U20,2012
Czech Republic,men,U20,2012
Denmark,men,U20,2012
Great Britain,men,U20,2012
Hungary,men,U20,2012
Israel,men,U20,2012
Luxembourg,men,U20,2012
North Macedonia,men,U20,2012
Netherlands,men,U20,2012
Poland,men,U20,2012
Portugal,men,U20,2012
Slovakia,men,U20,2012
Switzerland,men,U20,2012
Bulgaria,men,U18,2012
Croatia,men,U18,2012
Denmark,men,U18,2012
France,men,U18,2012
Germany,men,U18,2012
Greece,men,U18,2012
Italy,men,U18,2012
Latvia,men,U18,2012
Lithuania,men,U18,2012
Poland,men,U18,2012
Russia,men,U18,2012
Serbia,men,U18,2012
Slovenia,men,U18,2012
Spain,men,U18,2012
Turkey,men,U18,2012
Ukraine,men,U18,2012
Austria,men,U18,2012
Belarus,men,U18,2012
Belgium,men,U18,2012
Bosnia and Herzegovina,men,U18,2012
Czech Republic,men,U18,2012
England,men,U18,2012
Estonia,men,U18,2012
Finland,men,U18,2012
Georgia,men,U18,2012
Hungary,men,U18,2012
Iceland,men,U18,2012
Israel,men,U18,2012
Luxembourg,men,U18,2012
Montenegro,men,U18,2012
Netherlands,men,U18,2012
Norway,men,U18,2012
Portugal,men,U18,2012
Romania,men,U18,2012
Scotland,men,U18,2012
Slovakia,men,U18,2012
Sweden,men,U18,2012
Switzerland,men,U18,2012
Croatia,men,U16,2012
Czech Republic,men,U16,2012
England,men,U16,2012
France,men,U16,2012
Germany,men,U16,2012
Greece,men,U16,2012
Italy,men,U16,2012
Latvia,men,U16,2012
Lithuania,men,U16,2012
Poland,men,U16,2012
Russia,men,U16,2012
Serbia,men,U16,2012
Slovenia,men,U16,2012
Spain,men,U16,2012
Turkey,men,U16,2012
Ukraine,men,U16,2012
Austria,men,U16,2012
Belarus,men,U16,2012
Belgium,men,U16,2012
Bosnia and Herzegovina,men,U16,2012
Bulgaria,men,U16,2012
Denmark,men,U16,2012
Estonia,men,U16,2012
Finland,men,U16,2012
Georgia,men,U16,2012
Hungary,men,U16,2012
Israel,men,U16,2012
Luxembourg,men,U16,2012
North Macedonia,men,U16,2012
Montenegro,men,U16,2012
Netherlands,men,U16,2012
Norway,men,U16,2012
Portugal,men,U16,2012
Romania,men,U16,2012
Slovakia,men,U16,2012
Sweden,men,U16,2012
Switzerland,men,U16,2012
Austria,men,U20,2011
Croatia,men,U20,2011
France,men,U20,2011
Germany,men,U20,2011
Greece,men,U20,2011
Italy,men,U20,2011
Latvia,men,U20,2011
Lithuania,men,U20,2011
Montenegro,men,U20,2011
Russia,men,U20,2011
Serbia,men,U20,2011
Slovenia,men,U20,2011
Spain,men,U20,2011
Sweden,men,U20,2011
Turkey,men,U20,2011
Ukraine,men,U20,2011
Belarus,men,U20,2011
Belgium,men,U20,2011
Bosnia and Herzegovina,men,U20,2011
Bulgaria,men,U20,2011
Czech Republic,men,U20,2011
Denmark,men,U20,2011
Estonia,men,U20,2011
Finland,men,U20,2011
Georgia,men,U20,2011
Great Britain,men,U20,2011
Hungary,men,U20,2011
Iceland,men,U20,2011
Israel,men,U20,2011
Luxembourg,men,U20,2011
North Macedonia,men,U20,2011
Netherlands,men,U20,2011
Norway,men,U20,2011
Poland,men,U20,2011
Portugal,men,U20,2011
Romania,men,U20,2011
Slovakia,men,U20,2011
Switzerland,men,U20,2011
Croatia,men,U18,2011
Czech Republic,men,U18,2011
France,men,U18,2011
Germany,men,U18,2011
Greece,men,U18,2011
Italy,men,U18,2011
Latvia,men,U18,2011
Lithuania,men,U18,2011
Poland,men,U18,2011
Russia,men,U18,2011
Serbia,men,U18,2011
Slovenia,men,U18,2011
Spain,men,U18,2011
Turkey,men,U18,2011
Ukraine,men,U18,2011
Austria,men,U18,2011
Belgium,men,U18,2011
Bulgaria,men,U18,2011
Denmark,men,U18,2011
England,men,U18,2011
Estonia,men,U18,2011
Georgia,men,U18,2011
Hungary,men,U18,2011
Israel,men,U18,2011
Luxembourg,men,U18,2011
Montenegro,men,U18,2011
Netherlands,men,U18,2011
Norway,men,U18,2011
Portugal,men,U18,2011
Romania,men,U18,2011
Slovakia,men,U18,2011
Sweden,men,U18,2011
Switzerland,men,U18,2011
Bulgaria,men,U16,2011
Croatia,men,U16,2011
Czech Republic,men,U16,2011
France,men,U16,2011
Germany,men,U16,2011
Greece,men,U16,2011
Italy,men,U16,2011
Latvia,men,U16,2011
Lithuania,men,U16,2011
Montenegro,men,U16,2011
Poland,men,U16,2011
Russia,men,U16,2011
Serbia,men,U16,2011
Spain,men,U16,2011
Turkey,men,U16,2011
Ukraine,men,U16,2011
Armenia,men,U16,2011
Austria,men,U16,2011
Belgium,men,U16,2011
Bosnia and Herzegovina,men,U16,2011
Cyprus,men,U16,2011
Denmark,men,U16,2011
England,men,U16,2011
Estonia,men,U16,2011
Finland,men,U16,2011
Georgia,men,U16,2011
Hungary,men,U16,2011
Ireland,men,U16,2011
Israel,men,U16,2011
Luxembourg,men,U16,2011
North Macedonia,men,U16,2011
Netherlands,men,U16,2011
Portugal,men,U16,2011
Romania,men,U16,2011
Slovakia,men,U16,2011
Slovenia,men,U16,2011
Sweden,men,U16,2011
Switzerland,men,U16,2011
Croatia,men,U20,2010
Czech Republic,men,U20,2010
France,men,U20,2010
Germany,men,U20,2010
Greece,men,U20,2010
Italy,men,U20,2010
Latvia,men,U20,2010
Lithuania,men,U20,2010
Montenegro,men,U20,2010
Netherlands,men,U20,2010
Russia,men,U20,2010
Serbia,men,U20,2010
Slovenia,men,U20,2010
Spain,men,U20,2010
Turkey,men,U20,2010
Ukraine,men,U20,2010
Austria,men,U20,2010
Belarus,men,U20,2010
Belgium,men,U20,2010
Bulgaria,men,U20,2010
Denmark,men,U20,2010
Finland,men,U20,2010
Georgia,men,U20,2010
Great Britain,men,U20,2010
Hungary,men,U20,2010
Israel,men,U20,2010
Norway,men,U20,2010
Poland,men,U20,2010
Portugal,men,U20,2010
Romania,men,U20,2010
Slovakia,men,U20,2010
Sweden,men,U20,2010
Switzerland,men,U20,2010
Bulgaria,men,U18,2010
Croatia,men,U18,2010
France,men,U18,2010
Germany,men,U18,2010
Greece,men,U18,2010
Italy,men,U18,2010
Latvia,men,U18,2010
Lithuania,men,U18,2010
Poland,men,U18,2010
Russia,men,U18,2010
Serbia,men,U18,2010
Slovenia,men,U18,2010
Spain,men,U18,2010
Sweden,men,U18,2010
Turkey,men,U18,2010
Ukraine,men,U18,2010
Austria,men,U18,2010
Belarus,men,U18,2010
Belgium,men,U18,2010
Bosnia and Herzegovina,men,U18,2010
Czech Republic,men,U18,2010
Denmark,men,U18,2010
England,men,U18,2010
Estonia,men,U18,2010
Finland,men,U18,2010
Georgia,men,U18,2010
Hungary,men,U18,2010
Israel,men,U18,2010
Luxembourg,men,U18,2010
Montenegro,men,U18,2010
Netherlands,men,U18,2010
Portugal,men,U18,2010
Romania,men,U18,2010
Scotland,men,U18,2010
Slovakia,men,U18,2010
Switzerland,men,U18,2010
Bulgaria,men,U16,2010
Croatia,men,U16,2010
Denmark,men,U16,2010
France,men,U16,2010
Germany,men,U16,2010
Greece,men,U16,2010
Israel,men,U16,2010
Italy,men,U16,2010
Latvia,men,U16,2010
Lithuania,men,U16,2010
Montenegro,men,U16,2010
Poland,men,U16,2010
Russia,men,U16,2010
Serbia,men,U16,2010
Spain,men,U16,2010
Turkey,men,U16,2010
Austria,men,U16,2010
Belarus,men,U16,2010
Belgium,men,U16,2010
Czech Republic,men,U16,2010
England,men,U16,2010
Estonia,men,U16,2010
Finland,men,U16,2010
Georgia,men,U16,2010
Hungary,men,U16,2010
Ireland,men,U16,2010
Luxembourg,men,U16,2010
Netherlands,men,U16,2010
Norway,men,U16,2010
Portugal,men,U16,2010
Romania,men,U16,2010
Slovakia,men,U16,2010
Slovenia,men,U16,2010
Sweden,men,U16,2010
Switzerland,men,U16,2010
Ukraine,men,U16,2010
Belgium,men,U20,2009
Croatia,men,U20,2009
France,men,U20,2009
Germany,men,U20,2009
Greece,men,U20,2009
Israel,men,U20,2009
Italy,men,U20,2009
Latvia,men,U20,2009
Lithuania,men,U20,2009
Montenegro,men,U20,2009
Russia,men,U20,2009
Serbia,men,U20,2009
Slovenia,men,U20,2009
Spain,men,U20,2009
Turkey,men,U20,2009
Ukraine,men,U20,2009
Austria,men,U20,2009
Bulgaria,men,U20,2009
Czech Republic,men,U20,2009
Finland,men,U20,2009
Georgia,men,U20,2009
Great Britain,men,U20,2009
Hungary,men,U20,2009
Luxembourg,men,U20,2009
North Macedonia,men,U20,2009
Netherlands,men,U20,2009
Norway,men,U20,2009
Poland,men,U20,2009
Portugal,men,U20,2009
Romania,men,U20,2009
Slovakia,men,U20,2009
Sweden,men,U20,2009
Switzerland,men,U20,2009
Bulgaria,men,U18,2009
Croatia,men,U18,2009
Czech Republic,men,U18,2009
France,men,U18,2009
Germany,men,U18,2009
Greece,men,U18,2009
Israel,men,U18,2009
Italy,men,U18,2009
Latvia,men,U18,2009
Lithuania,men,U18,2009
Russia,men,U18,2009
Serbia,men,U18,2009
Slovenia,men,U18,2009
Spain,men,U18,2009
Turkey,men,U18,2009
Ukraine,men,U18,2009
Austria,men,U18,2009
Belarus,men,U18,2009
Belgium,men,U18,2009
Bosnia and Herzegovina,men,U18,2009
Denmark,men,U18,2009
England,men,U18,2009
Estonia,men,U18,2009
Finland,men,U18,2009
Georgia,men,U18,2009
Hungary,men,U18,2009
Iceland,men,U18,2009
Montenegro,men,U18,2009
Netherlands,men,U18,2009
Norway,men,U18,2009
Poland,men,U18,2009
Portugal,men,U18,2009
Romania,men,U18,2009
Scotland,men,U18,2009
Slovakia,men,U18,2009
Sweden,men,U18,2009
Switzerland,men,U18,2009
Croatia,men,U16,2009
Czech Republic,men,U16,2009
France,men,U16,2009
Germany,men,U16,2009
Greece,men,U16,2009
Israel,men,U16,2009
Italy,men,U16,2009
Latvia,men,U16,2009
Lithuania,men,U16,2009
Montenegro,men,U16,2009
Poland,men,U16,2009
Russia,men,U16,2009
Serbia,men,U16,2009
Spain,men,U16,2009
Turkey,men,U16,2009
Ukraine,men,U16,2009
Austria,men,U16,2009
Belarus,men,U16,2009
Belgium,men,U16,2009
Bulgaria,men,U16,2009
Denmark,men,U16,2009
England,men,U16,2009
Georgia,men,U16,2009
Hungary,men,U16,2009
Ireland,men,U16,2009
Luxembourg,men,U16,2009
Netherlands,men,U16,2009
Portugal,men,U16,2009
Romania,men,U16,2009
Slovakia,men,U16,2009
Slovenia,men,U16,2009
Sweden,men,U16,2009
Switzerland,men,U16,2009
Bulgaria,men,U20,2008
Croatia,men,U20,2008
France,men,U20,2008
Georgia,men,U20,2008
Greece,men,U20,2008
Israel,men,U20,2008
Italy,men,U20,2008
Latvia,men,U20,2008
Lithuania,men,U20,2008
Montenegro,men,U20,2008
Russia,men,U20,2008
Serbia,men,U20,2008
Slovenia,men,U20,2008
Spain,men,U20,2008
Turkey,men,U20,2008
Ukraine,men,U20,2008
Austria,men,U20,2008
Azerbaijan,men,U20,2008
Belgium,men,U20,2008
Czech Republic,men,U20,2008
Estonia,men,U20,2008
Finland,men,U20,2008
Germany,men,U20,2008
Great Britain,men,U20,2008
Hungary,men,U20,2008
Ireland,men,U20,2008
North Macedonia,men,U20,2008
Netherlands,men,U20,2008
Norway,men,U20,2008
Poland,men,U20,2008
Portugal,men,U20,2008
Romania,men,U20,2008
Slovakia,men,U20,2008
Sweden,men,U20,2008
Switzerland,men,U20,2008
Belgium,men,U18,2008
Bulgaria,men,U18,2008
Croatia,men,U18,2008
Estonia,men,U18,2008
France,men,U18,2008
Germany,men,U18,2008
Greece,men,U18,2008
Israel,men,U18,2008
Italy,men,U18,2008
Latvia,men,U18,2008
Lithuania,men,U18,2008
Russia,men,U18,2008
Serbia,men,U18,2008
Spain,men,U18,2008
Turkey,men,U18,2008
Ukraine,men,U18,2008
Austria,men,U18,2008
Belarus,men,U18,2008
Bosnia and Herzegovina,men,U18,2008
Czech Republic,men,U18,2008
Denmark,men,U18,2008
England,men,U18,2008
Finland,men,U18,2008
Georgia,men,U18,2008
Hungary,men,U18,2008
Ireland,men,U18,2008
Montenegro,men,U18,2008
Netherlands,men,U18,2008
Norway,men,U18,2008
Poland,men,U18,2008
Portugal,men,U18,2008
Romania,men,U18,2008
Slovakia,men,U18,2008
Slovenia,men,U18,2008
Sweden,men,U18,2008
Switzerland,men,U18,2008
Croatia,men,U16,2008
Czech Republic,men,U16,2008
France,men,U16,2008
Georgia,men,U16,2008
Greece,men,U16,2008
Hungary,men,U16,2008
Israel,men,U16,2008
Italy,men,U16,2008
Latvia,men,U16,2008
Lithuania,men,U16,2008
Poland,men,U16,2008
Russia,men,U16,2008
Serbia,men,U16,2008
Spain,men,U16,2008
Turkey,men,U16,2008
Ukraine,men,U16,2008
Austria,men,U16,2008
Belarus,men,U16,2008
Belgium,men,U16,2008
Bosnia and Herzegovina,men,U16,2008
Bulgaria,men,U16,2008
Cyprus,men,U16,2008
Denmark,men,U16,2008
England,men,U16,2008
Estonia,men,U16,2008
Finland,men,U16,2008
Germany,men,U16,2008
Iceland,men,U16,2008
Ireland,men,U16,2008
Luxembourg,men,U16,2008
North Macedonia,men,U16,2008
Montenegro,men,U16,2008
Netherlands,men,U16,2008
Portugal,men,U16,2008
Romania,men,U16,2008
Slovakia,men,U16,2008
Slovenia,men,U16,2008
Sweden,men,U16,2008
Switzerland,men,U16,2008
Bulgaria,men,U20,2007
Croatia,men,U20,2007
France,men,U20,2007
Georgia,men,U20,2007
Greece,men,U20,2007
Hungary,men,U20,2007
Israel,men,U20,2007
Italy,men,U20,2007
Latvia,men,U20,2007
Lithuania,men,U20,2007
North Macedonia,men,U20,2007
Russia,men,U20,2007
Serbia,men,U20,2007
Slovenia,men,U20,2007
Spain,men,U20,2007
Turkey,men,U20,2007
Austria,men,U20,2007
Belarus,men,U20,2007
Belgium,men,U20,2007
Czech Republic,men,U20,2007
Estonia,men,U20,2007
Finland,men,U20,2007
Germany,men,U20,2007
Great Britain,men,U20,2007
Ireland,men,U20,2007
Montenegro,men,U20,2007
Netherlands,men,U20,2007
Poland,men,U20,2007
Portugal,men,U20,2007
Romania,men,U20,2007
Slovakia,men,U20,2007
Sweden,men,U20,2007
Switzerland,men,U20,2007
Ukraine,men,U20,2007
Bulgaria,men,U18,2007
Croatia,men,U18,2007
Estonia,men,U18,2007
France,men,U18,2007
Germany,men,U18,2007
Greece,men,U18,2007
Israel,men,U18,2007
Italy,men,U18,2007
Latvia,men,U18,2007
Lithuania,men,U18,2007
Romania,men,U18,2007
Russia,men,U18,2007
Serbia,men,U18,2007
Slovenia,men,U18,2007
Spain,men,U18,2007
Turkey,men,U18,2007
Armenia,men,U18,2007
Austria,men,U18,2007
Belgium,men,U18,2007
Bosnia and Herzegovina,men,U18,2007
Czech Republic,men,U18,2007
Denmark,men,U18,2007
England,men,U18,2007
Finland,men,U18,2007
Hungary,men,U18,2007
Ireland,men,U18,2007
Luxembourg,men,U18,2007
Montenegro,men,U18,2007
Netherlands,men,U18,2007
Norway,men,U18,2007
Poland,men,U18,2007
Portugal,men,U18,2007
Slovakia,men,U18,2007
Sweden,men,U18,2007
Switzerland,men,U18,2007
Ukraine,men,U18,2007
Croatia,men,U16,2007
Czech Republic,men,U16,2007
France,men,U16,2007
Georgia,men,U16,2007
Greece,men,U16,2007
Israel,men,U16,2007
Italy,men,U16,2007
Latvia,men,U16,2007
Lithuania,men,U16,2007
Portugal,men,U16,2007
Russia,men,U16,2007
Serbia,men,U16,2007
Slovenia,men,U16,2007
Spain,men,U16,2007
Turkey,men,U16,2007
Ukraine,men,U16,2007
Armenia,men,U16,2007
Austria,men,U16,2007
Belarus,men,U16,2007
Belgium,men,U16,2007
Bosnia and Herzegovina,men,U16,2007
Bulgaria,men,U16,2007
Cyprus,men,U16,2007
England,men,U16,2007
Estonia,men,U16,2007
Finland,men,U16,2007
Germany,men,U16,2007
Hungary,men,U16,2007
Ireland,men,U16,2007
North Macedonia,men,U16,2007
Montenegro,men,U16,2007
Netherlands,men,U16,2007
Norway,men,U16,2007
Poland,men,U16,2007
Romania,men,U16,2007
Slovakia,men,U16,2007
Sweden,men,U16,2007
Bulgaria,men,U18,2006
Croatia,men,U18,2006
France,men,U18,2006
Germany,men,U18,2006
Greece,men,U18,2006
Iceland,men,U18,2006
Israel,men,U18,2006
Italy,men,U18,2006
Latvia,men,U18,2006
Lithuania,men,U18,2006
Russia,men,U18,2006
Serbia & Montenegro,men,U18,2006
Slovenia,men,U18,2006
Spain,men,U18,2006
Turkey,men,U18,2006
Ukraine,men,U18,2006
Austria,men,U18,2006
Belgium,men,U18,2006
Bosnia and Herzegovina,men,U18,2006
Czech Republic,men,U18,2006
England,men,U18,2006
Estonia,men,U18,2006
Finland,men,U18,2006
Hungary,men,U18,2006
Ireland,men,U18,2006
Luxembourg,men,U18,2006
Moldova,men,U18,2006
Netherlands,men,U18,2006
Norway,men,U18,2006
Poland,men,U18,2006
Portugal,men,U18,2006
Romania,men,U18,2006
Scotland,men,U18,2006
Slovakia,men,U18,2006
Sweden,men,U18,2006
Croatia,men,U16,2006
France,men,U16,2006
Germany,men,U16,2006
Greece,men,U16,2006
Iceland,men,U16,2006
Israel,men,U16,2006
Italy,men,U16,2006
Latvia,men,U16,2006
Lithuania,men,U16,2006
Portugal,men,U16,2006
Russia,men,U16,2006
Serbia & Montenegro,men,U16,2006
Slovenia,men,U16,2006
Spain,men,U16,2006
Turkey,men,U16,2006
Ukraine,men,U16,2006
Austria,men,U16,2006
Belgium,men,U16,2006
Bosnia and Herzegovina,men,U16,2006
Bulgaria,men,U16,2006
Czech Republic,men,U16,2006
England,men,U16,2006
Estonia,men,U16,2006
Finland,men,U16,2006
Georgia,men,U16,2006
Hungary,men,U16,2006
Ireland,men,U16,2006
Luxembourg,men,U16,2006
Netherlands,men,U16,2006
Norway,men,U16,2006
Poland,men,U16,2006
Romania,men,U16,2006
Slovakia,men,U16,2006
Sweden,men,U16,2006
Belgium,men,U18,2005
Bulgaria,men,U18,2005
Croatia,men,U18,2005
France,men,U18,2005
Germany,men,U18,2005
Greece,men,U18,2005
Israel,men,U18,2005
Italy,men,U18,2005
Latvia,men,U18,2005
Lithuania,men,U18,2005
Poland,men,U18,2005
Russia,men,U18,2005
Serbia & Montenegro,men,U18,2005
Slovenia,men,U18,2005
Spain,men,U18,2005
Turkey,men,U18,2005
Austria,men,U18,2005
Bosnia and Herzegovina,men,U18,2005
Czech Republic,men,U18,2005
England,men,U18,2005
Estonia,men,U18,2005
Finland,men,U18,2005
Hungary,men,U18,2005
Iceland,men,U18,2005
Ireland,men,U18,2005
Luxembourg,men,U18,2005
North Macedonia,men,U18,2005
Netherlands,men,U18,2005
Portugal,men,U18,2005
Romania,men,U18,2005
Slovakia,men,U18,2005
Sweden,men,U18,2005
Ukraine,men,U18,2005
Belgium,men,U16,2005
Croatia,men,U16,2005
France,men,U16,2005
Greece,men,U16,2005
Iceland,men,U16,2005
Israel,men,U16,2005
Italy,men,U16,2005
Latvia,men,U16,2005
Lithuania,men,U16,2005
Poland,men,U16,2005
Russia,men,U16,2005
Serbia & Montenegro,men,U16,2005
Slovenia,men,U16,2005
Spain,men,U16,2005
Turkey,men,U16,2005
Ukraine,men,U16,2005
Austria,men,U16,2005
Bosnia and Herzegovina,men,U16,2005
Bulgaria,men,U16,2005
Cyprus,men,U16,2005
Czech Republic,men,U16,2005
England,men,U16,2005
Estonia,men,U16,2005
Finland,men,U16,2005
Georgia,men,U16,2005
Germany,men,U16,2005
Hungary,men,U16,2005
Ireland,men,U16,2005
North Macedonia,men,U16,2005
Netherlands,men,U16,2005
Portugal,men,U16,2005
Romania,men,U16,2005
Slovakia,men,U16,2005
Sweden,men,U16,2005
Belgium,men,U16,2004
Croatia,men,U16,2004
France,men,U16,2004
Georgia,men,U16,2004
Germany,men,U16,2004
Greece,men,U16,2004
Israel,men,U16,2004
Italy,men,U16,2004
Latvia,men,U16,2004
Lithuania,men,U16,2004
Poland,men,U16,2004
Russia,men,U16,2004
Serbia & Montenegro,men,U16,2004
Slovenia,men,U16,2004
Spain,men,U16,2004
Turkey,men,U16,2004
Albania,men,U16,2004
Austria,men,U16,2004
Belarus,men,U16,2004
Bosnia and Herzegovina,men,U16,2004
Bulgaria,men,U16,2004
Cyprus,men,U16,2004
Czech Republic,men,U16,2004
England,men,U16,2004
Estonia,men,U16,2004
Finland,men,U16,2004
Hungary,men,U16,2004
Iceland,men,U16,2004
Ireland,men,U16,2004
North Macedonia,men,U16,2004
Netherlands,men,U16,2004
Portugal,men,U16,2004
Romania,men,U16,2004
Sweden,men,U16,2004
Ukraine,men,U16,2004
Finland,men,U20,2015
Finland,men,U20,2013
Finland,men,U20,2012
Finland,men,U18,2011
Finland,men,U16,2009
Croatia,men,U20,2019
France,men,U20,2019
Germany,men,U20,2019
Great Britain,men,U20,2019
Greece,men,U20,2019
Israel,men,U20,2019
Italy,men,U20,2019
Latvia,men,U20,2019
Lithuania,men,U20,2019
Montenegro,men,U20,2019
Poland,men,U20,2019
Serbia,men,U20,2019
Slovenia,men,U20,2019
Spain,men,U20,2019
Turkey,men,U20,2019
Ukraine,men,U20,2019
Albania,men,U20,2019
Armenia,men,U20,2019
Belarus,men,U20,2019
Belgium,men,U20,2019
Bulgaria,men,U20,2019
Czech Republic,men,U20,2019
Estonia,men,U20,2019
Finland,men,U20,2019
Georgia,men,U20,2019
Hungary,men,U20,2019
Iceland,men,U20,2019
Ireland,men,U20,2019
Kosovo,men,U20,2019
Luxembourg,men,U20,2019
Netherlands,men,U20,2019
North Macedonia,men,U20,2019
Portugal,men,U20,2019
Romania,men,U20,2019
Russia,men,U20,2019
Slovakia,men,U20,2019
Sweden,men,U20,2019
Croatia,men,U18,2019
Finland,men,U18,2019
France,men,U18,2019
Germany,men,U18,2019
Great Britain,men,U18,2019
Greece,men,U18,2019
Italy,men,U18,2019
Latvia,men,U18,2019
Lithuania,men,U18,2019
Montenegro,men,U18,2019
Netherlands,men,U18,2019
Russia,men,U18,2019
Serbia,men,U18,2019
Slovenia,men,U18,2019
Spain,men,U18,2019
Turkey,men,U18,2019
Austria,men,U18,2019
Belarus,men,U18,2019
Belgium,men,U18,2019
Bosnia and Herzegovina,men,U18,2019
Bulgaria,men,U18,2019
Czech Republic,men,U18,2019
Denmark,men,U18,2019
Estonia,men,U18,2019
Georgia,men,U18,2019
Hungary,men,U18,2019
Iceland,men,U18,2019
Ireland,men,U18,2019
Israel,men,U18,2019
Kosovo,men,U18,2019
Luxembourg,men,U18,2019
North Macedonia,men,U18,2019
Norway,men,U18,2019
Poland,men,U18,2019
Portugal,men,U18,2019
Romania,men,U18,2019
Slovakia,men,U18,2019
Sweden,men,U18,2019
Switzerland,men,U18,2019
Ukraine,men,U18,2019
Bosnia and Herzegovina,men,U16,2019
Croatia,men,U16,2019
Estonia,men,U16,2019
France,men,U16,2019
Germany,men,U16,2019
Greece,men,U16,2019
Israel,men,U16,2019
Italy,men,U16,2019
Latvia,men,U16,2019
Lithuania,men,U16,2019
North Macedonia,men,U16,2019
Russia,men,U16,2019
Serbia,men,U16,2019
Slovenia,men,U16,2019
Spain,men,U16,2019
Turkey,men,U16,2019
Austria,men,U16,2019
Belarus,men,U16,2019
Belgium,men,U16,2019
Bulgaria,men,U16,2019
Cyprus,men,U16,2019
Czech Republic,men,U16,2019
Denmark,men,U16,2019
Finland,men,U16,2019
Georgia,men,U16,2019
Great Britain,men,U16,2019
Hungary,men,U16,2019
Iceland,men,U16,2019
Ireland,men,U16,2019
Kosovo,men,U16,2019
Montenegro,men,U16,2019
Netherlands,men,U16,2019
Norway,men,U16,2019
Poland,men,U16,2019
Portugal,men,U16,2019
Romania,men,U16,2019
Sweden,men,U16,2019
Switzerland,men,U16,2019
Ukraine,men,U16,2019
Croatia,men,U20,2018
France,men,U20,2018
Germany,men,U20,2018
Great Britain,men,U20,2018
Greece,men,U20,2018
Iceland,men,U20,2018
Israel,men,U20,2018
Italy,men,U20,2018
Lithuania,men,U20,2018
Montenegro,men,U20,2018
Romania,men,U20,2018
Serbia,men,U20,2018
Spain,men,U20,2018
Sweden,men,U20,2018
Turkey,men,U20,2018
Ukraine,men,U20,2018
Albania,men,U20,2018
Armenia,men,U20,2018
Azerbaijan,men,U20,2018
Belarus,men,U20,2018
Belgium,men,U20,2018
Bulgaria,men,U20,2018
Czech Republic,men,U20,2018
Estonia,men,U20,2018
Finland,men,U20,2018
Georgia,men,U20,2018
Hungary,men,U20,2018
Kosovo,men,U20,2018
Latvia,men,U20,2018
Luxembourg,men,U20,2018
North Macedonia,men,U20,2018
Moldova,men,U20,2018
Netherlands,men,U20,2018
Poland,men,U20,2018
Portugal,men,U20,2018
Russia,men,U20,2018
Slovakia,men,U20,2018
Slovenia,men,U20,2018
Bosnia and Herzegovina,men,U18,2018
Croatia,men,U18,2018
Finland,men,U18,2018
France,men,U18,2018
Germany,men,U18,2018
Great Britain,men,U18,2018
Greece,men,U18,2018
Italy,men,U18,2018
Latvia,men,U18,2018
Lithuania,men,U18,2018
Montenegro,men,U18,2018
Russia,men,U18,2018
Serbia,men,U18,2018
Spain,men,U18,2018
Turkey,men,U18,2018
Ukraine,men,U18,2018
Albania,men,U18,2018
Austria,men,U18,2018
Azerbaijan,men,U18,2018
Belarus,men,U18,2018
Belgium,men,U18,2018
Bulgaria,men,U18,2018
Czech Republic,men,U18,2018
Denmark,men,U18,2018
Estonia,men,U18,2018
Georgia,men,U18,2018
Hungary,men,U18,2018
Iceland,men,U18,2018
Israel,men,U18,2018
Luxembourg,men,U18,2018
North Macedonia,men,U18,2018
Netherlands,men,U18,2018
Norway,men,U18,2018
Poland,men,U18,2018
Portugal,men,U18,2018
Romania,men,U18,2018
Slovakia,men,U18,2018
Slovenia,men,U18,2018
Sweden,men,U18,2018
Switzerland,men,U18,2018
Croatia,men,U16,2018
Estonia,men,U16,2018
France,men,U16,2018
Georgia,men,U16,2018
Germany,men,U16,2018
Greece,men,U16,2018
Israel,men,U16,2018
Italy,men,U16,2018
Latvia,men,U16,2018
Lithuania,men,U16,2018
Montenegro,men,U16,2018
Netherlands,men,U16,2018
Serbia,men,U16,2018
Slovenia,men,U16,2018
Spain,men,U16,2018
Turkey,men,U16,2018
Belarus,men,U16,2018
Belgium,men,U16,2018
Bosnia and Herzegovina,men,U16,2018
Bulgaria,men,U16,2018
Cyprus,men,U16,2018
Czech Republic,men,U16,2018
Denmark,men,U16,2018
Finland,men,U16,2018
Great Britain,men,U16,2018
Hungary,men,U16,2018
Iceland,men,U16,2018
Ireland,men,U16,2018
Kosovo,men,U16,2018
Luxembourg,men,U16,2018
North Macedonia,men,U16,2018
Norway,men,U16,2018
Poland,men,U16,2018
Portugal,men,U16,2018
Romania,men,U16,2018
Russia,men,U16,2018
Slovakia,men,U16,2018
Sweden,men,U16,2018
Switzerland,men,U16,2018
Ukraine,men,U16,2018
Czech Republic,men,U20,2017
France,men,U20,2017
Germany,men,U20,2017
Greece,men,U20,2017
Iceland,men,U20,2017
Israel,men,U20,2017
Italy,men,U20,2017
Latvia,men,U20,2017
Lithuania,men,U20,2017
Montenegro,men,U20,2017
Serbia,men,U20,2017
Slovenia,men,U20,2017
Sweden,men,U20,2017
Turkey,men,U20,2017
Ukraine,men,U20,2017
Albania,men,U20,2017
Armenia,men,U20,2017
Azerbaijan,men,U20,2017
Belarus,men,U20,2017
Belgium,men,U20,2017
Croatia,men,U20,2017
Finland,men,U20,2017
Georgia,men,U20,2017
Great Britain,men,U20,2017
Hungary,men,U20,2017
Ireland,men,U20,2017
Kosovo,men,U20,2017
Malta,men,U20,2017
North Macedonia,men,U20,2017
Moldova,men,U20,2017
Netherlands,men,U20,2017
Poland,men,U20,2017
Portugal,men,U20,2017
Romania,men,U20,2017
Russia,men,U20,2017
Slovakia,men,U20,2017
Bosnia and Herzegovina,men,U18,2017
Finland,men,U18,2017
France,men,U18,2017
Germany,men,U18,2017
Greece,men,U18,2017
Italy,men,U18,2017
Latvia,men,U18,2017
Lithuania,men,U18,2017
Montenegro,men,U18,2017
Russia,men,U18,2017
Serbia,men,U18,2017
Slovakia,men,U18,2017
Slovenia,men,U18,2017
Spain,men,U18,2017
Turkey,men,U18,2017
Ukraine,men,U18,2017
Albania,men,U18,2017
Austria,men,U18,2017
Azerbaijan,men,U18,2017
Belarus,men,U18,2017
Belgium,men,U18,2017
Bulgaria,men,U18,2017
Croatia,men,U18,2017
Czech Republic,men,U18,2017
Denmark,men,U18,2017
Estonia,men,U18,2017
Georgia,men,U18,2017
Great Britain,men,U18,2017
Hungary,men,U18,2017
Iceland,men,U18,2017
Ireland,men,U18,2017
Israel,men,U18,2017
Luxembourg,men,U18,2017
North Macedonia,men,U18,2017
Netherlands,men,U18,2017
Poland,men,U18,2017
Portugal,men,U18,2017
Romania,men,U18,2017
Sweden,men,U18,2017
Switzerland,men,U18,2017
Croatia,men,U16,2017
Estonia,men,U16,2017
Finland,men,U16,2017
France,men,U16,2017
Germany,men,U16,2017
Israel,men,U16,2017
Italy,men,U16,2017
Latvia,men,U16,2017
Lithuania,men,U16,2017
Montenegro,men,U16,2017
Russia,men,U16,2017
Serbia,men,U16,2017
Slovenia,men,U16,2017
Spain,men,U16,2017
Sweden,men,U16,2017
Turkey,men,U16,2017
Belarus,men,U16,2017
Belgium,men,U16,2017
Bosnia and Herzegovina,men,U16,2017
Bulgaria,men,U16,2017
Cyprus,men,U16,2017
Czech Republic,men,U16,2017
Denmark,men,U16,2017
Georgia,men,U16,2017
Great Britain,men,U16,2017
Greece,men,U16,2017
Hungary,men,U16,2017
Iceland,men,U16,2017
Ireland,men,U16,2017
Kosovo,men,U16,2017
Luxembourg,men,U16,2017
North Macedonia,men,U16,2017
Netherlands,men,U16,2017
Norway,men,U16,2017
Portugal,men,U16,2017
Romania,men,U16,2017
Slovakia,men,U16,2017
Switzerland,men,U16,2017
Ukraine,men,U16,2017
Slovakia,men,U16,2019
Poland,men,U16,2017
Belgium,women,U20,2015
Czech Republic,women,U20,2015
France,women,U20,2015
Germany,women,U20,2015
Hungary,women,U20,2015
Italy,women,U20,2015
Latvia,women,U20,2015
Netherlands,women,U20,2015
Poland,women,U20,2015
Portugal,women,U20,2015
Russia,women,U20,2015
Serbia,women,U20,2015
Slovakia,women,U20,2015
Spain,women,U20,2015
Turkey,women,U20,2015
Ukraine,women,U20,2015
Austria,women,U20,2015
Bosnia and Herzegovina,women,U20,2015
Bulgaria,women,U20,2015
Great Britain,women,U20,2015
Greece,women,U20,2015
Israel,women,U20,2015
Lithuania,women,U20,2015
Montenegro,women,U20,2015
Romania,women,U20,2015
Sweden,women,U20,2015
Belgium,women,U18,2015
Croatia,women,U18,2015
Czech Republic,women,U18,2015
Estonia,women,U18,2015
France,women,U18,2015
Hungary,women,U18,2015
Israel,women,U18,2015
Italy,women,U18,2015
Lithuania,women,U18,2015
Netherlands,women,U18,2015
Poland,women,U18,2015
Portugal,women,U18,2015
Russia,women,U18,2015
Serbia,women,U18,2015
Slovenia,women,U18,2015
Spain,women,U18,2015
Albania,women,U18,2015
Belarus,women,U18,2015
Bosnia and Herzegovina,women,U18,2015
Bulgaria,women,U18,2015
Cyprus,women,U18,2015
Denmark,women,U18,2015
England,women,U18,2015
Finland,women,U18,2015
Germany,women,U18,2015
Greece,women,U18,2015
Iceland,women,U18,2015
Ireland,women,U18,2015
Latvia,women,U18,2015
Luxembourg,women,U18,2015
Romania,women,U18,2015
Slovakia,women,U18,2015
Sweden,women,U18,2015
Switzerland,women,U18,2015
Turkey,women,U18,2015
Ukraine,women,U18,2015
Belgium,women,U16,2015
Croatia,women,U16,2015
Czech Republic,women,U16,2015
England,women,U16,2015
France,women,U16,2015
Germany,women,U16,2015
Hungary,women,U16,2015
Italy,women,U16,2015
Latvia,women,U16,2015
Netherlands,women,U16,2015
Portugal,women,U16,2015
Russia,women,U16,2015
Serbia,women,U16,2015
Slovakia,women,U16,2015
Spain,women,U16,2015
Turkey,women,U16,2015
Albania,women,U16,2015
Austria,women,U16,2015
Belarus,women,U16,2015
Bulgaria,women,U16,2015
Denmark,women,U16,2015
Finland,women,U16,2015
Greece,women,U16,2015
Ireland,women,U16,2015
Israel,women,U16,2015
Lithuania,women,U16,2015
Luxembourg,women,U16,2015
North Macedonia,women,U16,2015
Norway,women,U16,2015
Poland,women,U16,2015
Romania,women,U16,2015
Scotland,women,U16,2015
Slovenia,women,U16,2015
Sweden,women,U16,2015
Switzerland,women,U16,2015
Ukraine,women,U16,2015
Belarus,women,U20,2014
Belgium,women,U20,2014
Czech Republic,women,U20,2014
France,women,U20,2014
Greece,women,U20,2014
Italy,women,U20,2014
Latvia,women,U20,2014
Netherlands,women,U20,2014
Poland,women,U20,2014
Russia,women,U20,2014
Serbia,women,U20,2014
Slovakia,women,U20,2014
Spain,women,U20,2014
Sweden,women,U20,2014
Turkey,women,U20,2014
Ukraine,women,U20,2014
Bosnia and Herzegovina,women,U20,2014
Bulgaria,women,U20,2014
Germany,women,U20,2014
Great Britain,women,U20,2014
Hungary,women,U20,2014
Israel,women,U20,2014
Lithuania,women,U20,2014
Norway,women,U20,2014
Portugal,women,U20,2014
Romania,women,U20,2014
Belgium,women,U18,2014
Croatia,women,U18,2014
Czech Republic,women,U18,2014
France,women,U18,2014
Greece,women,U18,2014
Italy,women,U18,2014
Lithuania,women,U18,2014
Netherlands,women,U18,2014
Poland,women,U18,2014
Portugal,women,U18,2014
Russia,women,U18,2014
Serbia,women,U18,2014
Slovenia,women,U18,2014
Spain,women,U18,2014
Sweden,women,U18,2014
Turkey,women,U18,2014
Bosnia and Herzegovina,women,U18,2014
Bulgaria,women,U18,2014
Denmark,women,U18,2014
England,women,U18,2014
Estonia,women,U18,2014
Finland,women,U18,2014
Germany,women,U18,2014
Hungary,women,U18,2014
Iceland,women,U18,2014
Ireland,women,U18,2014
Israel,women,U18,2014
Latvia,women,U18,2014
Luxembourg,women,U18,2014
Montenegro,women,U18,2014
Romania,women,U18,2014
Switzerland,women,U18,2014
Ukraine,women,U18,2014
Belgium,women,U16,2014
Croatia,women,U16,2014
Czech Republic,women,U16,2014
Denmark,women,U16,2014
France,women,U16,2014
Greece,women,U16,2014
Hungary,women,U16,2014
Italy,women,U16,2014
Latvia,women,U16,2014
Portugal,women,U16,2014
Russia,women,U16,2014
Serbia,women,U16,2014
Slovakia,women,U16,2014
Spain,women,U16,2014
Sweden,women,U16,2014
Turkey,women,U16,2014
Austria,women,U16,2014
Bulgaria,women,U16,2014
England,women,U16,2014
Estonia,women,U16,2014
Finland,women,U16,2014
Germany,women,U16,2014
Ireland,women,U16,2014
Israel,women,U16,2014
Lithuania,women,U16,2014
Luxembourg,women,U16,2014
Netherlands,women,U16,2014
Norway,women,U16,2014
Poland,women,U16,2014
Romania,women,U16,2014
Slovenia,women,U16,2014
Switzerland,women,U16,2014
Ukraine,women,U16,2014
Belarus,women,U20,2013
France,women,U20,2013
Germany,women,U20,2013
Greece,women,U20,2013
Hungary,women,U20,2013
Italy,women,U20,2013
Lithuania,women,U20,2013
Netherlands,women,U20,2013
Poland,women,U20,2013
Russia,women,U20,2013
Serbia,women,U20,2013
Slovakia,women,U20,2013
Spain,women,U20,2013
Sweden,women,U20,2013
Turkey,women,U20,2013
Ukraine,women,U20,2013
Belgium,women,U20,2013
Bulgaria,women,U20,2013
Czech Republic,women,U20,2013
Great Britain,women,U20,2013
Israel,women,U20,2013
Latvia,women,U20,2013
North Macedonia,women,U20,2013
Portugal,women,U20,2013
Romania,women,U20,2013
Belarus,women,U18,2013
Croatia,women,U18,2013
Czech Republic,women,U18,2013
England,women,U18,2013
France,women,U18,2013
Greece,women,U18,2013
Italy,women,U18,2013
Netherlands,women,U18,2013
Portugal,women,U18,2013
Russia,women,U18,2013
Serbia,women,U18,2013
Slovakia,women,U18,2013
Slovenia,women,U18,2013
Spain,women,U18,2013
Sweden,women,U18,2013
Turkey,women,U18,2013
Austria,women,U18,2013
Belgium,women,U18,2013
Bosnia and Herzegovina,women,U18,2013
Bulgaria,women,U18,2013
Denmark,women,U18,2013
Estonia,women,U18,2013
Finland,women,U18,2013
Germany,women,U18,2013
Hungary,women,U18,2013
Israel,women,U18,2013
Latvia,women,U18,2013
Lithuania,women,U18,2013
Norway,women,U18,2013
Poland,women,U18,2013
Romania,women,U18,2013
Scotland,women,U18,2013
Switzerland,women,U18,2013
Ukraine,women,U18,2013
Belgium,women,U16,2013
Bulgaria,women,U16,2013
Croatia,women,U16,2013
Czech Republic,women,U16,2013
France,women,U16,2013
Greece,women,U16,2013
Hungary,women,U16,2013
Italy,women,U16,2013
Latvia,women,U16,2013
Lithuania,women,U16,2013
Netherlands,women,U16,2013
Russia,women,U16,2013
Slovakia,women,U16,2013
Spain,women,U16,2013
Sweden,women,U16,2013
Turkey,women,U16,2013
Belarus,women,U16,2013
Denmark,women,U16,2013
England,women,U16,2013
Estonia,women,U16,2013
Finland,women,U16,2013
Germany,women,U16,2013
Ireland,women,U16,2013
Israel,women,U16,2013
Luxembourg,women,U16,2013
Norway,women,U16,2013
Poland,women,U16,2013
Portugal,women,U16,2013
Romania,women,U16,2013
Serbia,women,U16,2013
Slovenia,women,U16,2013
Switzerland,women,U16,2013
Ukraine,women,U16,2013
Belarus,women,U20,2012
France,women,U20,2012
Great Britain,women,U20,2012
Italy,women,U20,2012
Latvia,women,U20,2012
Lithuania,women,U20,2012
Netherlands,women,U20,2012
Poland,women,U20,2012
Portugal,women,U20,2012
Russia,women,U20,2012
Serbia,women,U20,2012
Slovakia,women,U20,2012
Spain,women,U20,2012
Sweden,women,U20,2012
Turkey,women,U20,2012
Ukraine,women,U20,2012
Belgium,women,U20,2012
Bulgaria,women,U20,2012
Czech Republic,women,U20,2012
Germany,women,U20,2012
Greece,women,U20,2012
Hungary,women,U20,2012
Israel,women,U20,2012
Romania,women,U20,2012
Switzerland,women,U20,2012
Belgium,women,U18,2012
Croatia,women,U18,2012
Czech Republic,women,U18,2012
France,women,U18,2012
Greece,women,U18,2012
Italy,women,U18,2012
Netherlands,women,U18,2012
Poland,women,U18,2012
Romania,women,U18,2012
Russia,women,U18,2012
Serbia,women,U18,2012
Slovakia,women,U18,2012
Slovenia,women,U18,2012
Spain,women,U18,2012
Sweden,women,U18,2012
Turkey,women,U18,2012
Austria,women,U18,2012
Belarus,women,U18,2012
Bulgaria,women,U18,2012
Denmark,women,U18,2012
England,women,U18,2012
Finland,women,U18,2012
Germany,women,U18,2012
Hungary,women,U18,2012
Israel,women,U18,2012
Latvia,women,U18,2012
Lithuania,women,U18,2012
North Macedonia,women,U18,2012
Montenegro,women,U18,2012
Norway,women,U18,2012
Portugal,women,U18,2012
Scotland,women,U18,2012
Switzerland,women,U18,2012
Ukraine,women,U18,2012
Belgium,women,U16,2012
Croatia,women,U16,2012
Czech Republic,women,U16,2012
England,women,U16,2012
France,women,U16,2012
Germany,women,U16,2012
Greece,women,U16,2012
Hungary,women,U16,2012
Italy,women,U16,2012
Netherlands,women,U16,2012
Russia,women,U16,2012
Serbia,women,U16,2012
Slovakia,women,U16,2012
Spain,women,U16,2012
Sweden,women,U16,2012
Turkey,women,U16,2012
Belarus,women,U16,2012
Bulgaria,women,U16,2012
Denmark,women,U16,2012
Estonia,women,U16,2012
Finland,women,U16,2012
Israel,women,U16,2012
Latvia,women,U16,2012
Lithuania,women,U16,2012
Luxembourg,women,U16,2012
Norway,women,U16,2012
Poland,women,U16,2012
Portugal,women,U16,2012
Romania,women,U16,2012
Slovenia,women,U16,2012
Ukraine,women,U16,2012
Belarus,women,U20,2011
France,women,U20,2011
Germany,women,U20,2011
Great Britain,women,U20,2011
Italy,women,U20,2011
Latvia,women,U20,2011
Lithuania,women,U20,2011
Netherlands,women,U20,2011
Poland,women,U20,2011
Romania,women,U20,2011
Russia,women,U20,2011
Serbia,women,U20,2011
Slovakia,women,U20,2011
Spain,women,U20,2011
Turkey,women,U20,2011
Ukraine,women,U20,2011
Austria,women,U20,2011
Belgium,women,U20,2011
Bulgaria,women,U20,2011
Czech Republic,women,U20,2011
Estonia,women,U20,2011
Greece,women,U20,2011
Hungary,women,U20,2011
Israel,women,U20,2011
North Macedonia,women,U20,2011
Portugal,women,U20,2011
Sweden,women,U20,2011
Belgium,women,U18,2011
Czech Republic,women,U18,2011
France,women,U18,2011
Italy,women,U18,2011
Lithuania,women,U18,2011
Netherlands,women,U18,2011
Poland,women,U18,2011
Romania,women,U18,2011
Russia,women,U18,2011
Serbia,women,U18,2011
Slovakia,women,U18,2011
Slovenia,women,U18,2011
Spain,women,U18,2011
Sweden,women,U18,2011
Turkey,women,U18,2011
Ukraine,women,U18,2011
Austria,women,U18,2011
Belarus,women,U18,2011
Bulgaria,women,U18,2011
Croatia,women,U18,2011
Denmark,women,U18,2011
England,women,U18,2011
Finland,women,U18,2011
Germany,women,U18,2011
Greece,women,U18,2011
Hungary,women,U18,2011
Israel,women,U18,2011
Latvia,women,U18,2011
Luxembourg,women,U18,2011
Norway,women,U18,2011
Portugal,women,U18,2011
Switzerland,women,U18,2011
Belgium,women,U16,2011
Croatia,women,U16,2011
Czech Republic,women,U16,2011
Finland,women,U16,2011
France,women,U16,2011
Greece,women,U16,2011
Hungary,women,U16,2011
Italy,women,U16,2011
Netherlands,women,U16,2011
Poland,women,U16,2011
Russia,women,U16,2011
Serbia,women,U16,2011
Slovakia,women,U16,2011
Spain,women,U16,2011
Sweden,women,U16,2011
Turkey,women,U16,2011
Bulgaria,women,U16,2011
Denmark,women,U16,2011
England,women,U16,2011
Estonia,women,U16,2011
Germany,women,U16,2011
Ireland,women,U16,2011
Israel,women,U16,2011
Latvia,women,U16,2011
Lithuania,women,U16,2011
Luxembourg,women,U16,2011
Portugal,women,U16,2011
Romania,women,U16,2011
Slovenia,women,U16,2011
Switzerland,women,U16,2011
Ukraine,women,U16,2011
Belarus,women,U20,2010
Bulgaria,women,U20,2010
France,women,U20,2010
Germany,women,U20,2010
Italy,women,U20,2010
Latvia,women,U20,2010
Lithuania,women,U20,2010
Netherlands,women,U20,2010
Poland,women,U20,2010
Romania,women,U20,2010
Russia,women,U20,2010
Serbia,women,U20,2010
Spain,women,U20,2010
Sweden,women,U20,2010
Turkey,women,U20,2010
Ukraine,women,U20,2010
Austria,women,U20,2010
Belgium,women,U20,2010
Czech Republic,women,U20,2010
Great Britain,women,U20,2010
Greece,women,U20,2010
Hungary,women,U20,2010
Israel,women,U20,2010
North Macedonia,women,U20,2010
Portugal,women,U20,2010
Slovakia,women,U20,2010
Belgium,women,U18,2010
Czech Republic,women,U18,2010
France,women,U18,2010
Hungary,women,U18,2010
Italy,women,U18,2010
Latvia,women,U18,2010
Lithuania,women,U18,2010
Poland,women,U18,2010
Russia,women,U18,2010
Serbia,women,U18,2010
Slovakia,women,U18,2010
Slovenia,women,U18,2010
Spain,women,U18,2010
Sweden,women,U18,2010
Turkey,women,U18,2010
Ukraine,women,U18,2010
Belarus,women,U18,2010
Bosnia and Herzegovina,women,U18,2010
Bulgaria,women,U18,2010
Croatia,women,U18,2010
Denmark,women,U18,2010
England,women,U18,2010
Estonia,women,U18,2010
Finland,women,U18,2010
Germany,women,U18,2010
Greece,women,U18,2010
Israel,women,U18,2010
Luxembourg,women,U18,2010
Montenegro,women,U18,2010
Netherlands,women,U18,2010
Portugal,women,U18,2010
Romania,women,U18,2010
Scotland,women,U18,2010
Switzerland,women,U18,2010
Belarus,women,U16,2010
Belgium,women,U16,2010
Croatia,women,U16,2010
Czech Republic,women,U16,2010
Finland,women,U16,2010
France,women,U16,2010
Greece,women,U16,2010
Italy,women,U16,2010
Lithuania,women,U16,2010
Netherlands,women,U16,2010
Poland,women,U16,2010
Russia,women,U16,2010
Serbia,women,U16,2010
Spain,women,U16,2010
Sweden,women,U16,2010
Turkey,women,U16,2010
Bulgaria,women,U16,2010
Denmark,women,U16,2010
England,women,U16,2010
Germany,women,U16,2010
Hungary,women,U16,2010
Ireland,women,U16,2010
Israel,women,U16,2010
Latvia,women,U16,2010
Luxembourg,women,U16,2010
North Macedonia,women,U16,2010
Portugal,women,U16,2010
Romania,women,U16,2010
Slovakia,women,U16,2010
Slovenia,women,U16,2010
Switzerland,women,U16,2010
Ukraine,women,U16,2010
Belarus,women,U20,2009
Bulgaria,women,U20,2009
Czech Republic,women,U20,2009
France,women,U20,2009
Germany,women,U20,2009
Italy,women,U20,2009
Latvia,women,U20,2009
Lithuania,women,U20,2009
Montenegro,women,U20,2009
Poland,women,U20,2009
Russia,women,U20,2009
Serbia,women,U20,2009
Spain,women,U20,2009
Sweden,women,U20,2009
Turkey,women,U20,2009
Ukraine,women,U20,2009
Austria,women,U20,2009
Belgium,women,U20,2009
Great Britain,women,U20,2009
Greece,women,U20,2009
Hungary,women,U20,2009
Israel,women,U20,2009
North Macedonia,women,U20,2009
Netherlands,women,U20,2009
Portugal,women,U20,2009
Romania,women,U20,2009
Slovakia,women,U20,2009
Belarus,women,U18,2009
Belgium,women,U18,2009
Bulgaria,women,U18,2009
Czech Republic,women,U18,2009
France,women,U18,2009
Italy,women,U18,2009
Latvia,women,U18,2009
Lithuania,women,U18,2009
Poland,women,U18,2009
Russia,women,U18,2009
Serbia,women,U18,2009
Slovakia,women,U18,2009
Spain,women,U18,2009
Sweden,women,U18,2009
Turkey,women,U18,2009
Ukraine,women,U18,2009
Bosnia and Herzegovina,women,U18,2009
Croatia,women,U18,2009
Denmark,women,U18,2009
England,women,U18,2009
Finland,women,U18,2009
Germany,women,U18,2009
Greece,women,U18,2009
Hungary,women,U18,2009
Israel,women,U18,2009
Netherlands,women,U18,2009
Norway,women,U18,2009
Portugal,women,U18,2009
Romania,women,U18,2009
Slovenia,women,U18,2009
Switzerland,women,U18,2009
Belarus,women,U16,2009
Belgium,women,U16,2009
Czech Republic,women,U16,2009
Finland,women,U16,2009
France,women,U16,2009
Germany,women,U16,2009
Greece,women,U16,2009
Hungary,women,U16,2009
Italy,women,U16,2009
Lithuania,women,U16,2009
Poland,women,U16,2009
Russia,women,U16,2009
Serbia,women,U16,2009
Spain,women,U16,2009
Sweden,women,U16,2009
Turkey,women,U16,2009
Austria,women,U16,2009
Bosnia and Herzegovina,women,U16,2009
Bulgaria,women,U16,2009
Croatia,women,U16,2009
Denmark,women,U16,2009
England,women,U16,2009
Estonia,women,U16,2009
Ireland,women,U16,2009
Israel,women,U16,2009
Latvia,women,U16,2009
Luxembourg,women,U16,2009
Montenegro,women,U16,2009
Netherlands,women,U16,2009
Portugal,women,U16,2009
Romania,women,U16,2009
Slovakia,women,U16,2009
Slovenia,women,U16,2009
Switzerland,women,U16,2009
Ukraine,women,U16,2009
Belarus,women,U20,2008
Belgium,women,U20,2008
Bulgaria,women,U20,2008
Czech Republic,women,U20,2008
France,women,U20,2008
Germany,women,U20,2008
Greece,women,U20,2008
Italy,women,U20,2008
Latvia,women,U20,2008
Lithuania,women,U20,2008
Montenegro,women,U20,2008
Russia,women,U20,2008
Serbia,women,U20,2008
Spain,women,U20,2008
Turkey,women,U20,2008
Ukraine,women,U20,2008
Great Britain,women,U20,2008
Hungary,women,U20,2008
Ireland,women,U20,2008
Israel,women,U20,2008
Netherlands,women,U20,2008
Poland,women,U20,2008
Portugal,women,U20,2008
Romania,women,U20,2008
Slovakia,women,U20,2008
Sweden,women,U20,2008
Belarus,women,U18,2008
Bulgaria,women,U18,2008
Croatia,women,U18,2008
Czech Republic,women,U18,2008
France,women,U18,2008
Italy,women,U18,2008
Lithuania,women,U18,2008
Poland,women,U18,2008
Romania,women,U18,2008
Russia,women,U18,2008
Serbia,women,U18,2008
Slovakia,women,U18,2008
Spain,women,U18,2008
Sweden,women,U18,2008
Turkey,women,U18,2008
Ukraine,women,U18,2008
Austria,women,U18,2008
Belgium,women,U18,2008
Bosnia and Herzegovina,women,U18,2008
Denmark,women,U18,2008
England,women,U18,2008
Estonia,women,U18,2008
Finland,women,U18,2008
Germany,women,U18,2008
Greece,women,U18,2008
Hungary,women,U18,2008
Ireland,women,U18,2008
Israel,women,U18,2008
Latvia,women,U18,2008
Luxembourg,women,U18,2008
North Macedonia,women,U18,2008
Netherlands,women,U18,2008
Portugal,women,U18,2008
Scotland,women,U18,2008
Slovenia,women,U18,2008
Switzerland,women,U18,2008
Belarus,women,U16,2008
Belgium,women,U16,2008
Czech Republic,women,U16,2008
France,women,U16,2008
Germany,women,U16,2008
Hungary,women,U16,2008
Italy,women,U16,2008
Latvia,women,U16,2008
Lithuania,women,U16,2008
Poland,women,U16,2008
Russia,women,U16,2008
Serbia,women,U16,2008
Spain,women,U16,2008
Sweden,women,U16,2008
Turkey,women,U16,2008
Ukraine,women,U16,2008
Bosnia and Herzegovina,women,U16,2008
Bulgaria,women,U16,2008
Croatia,women,U16,2008
Denmark,women,U16,2008
England,women,U16,2008
Estonia,women,U16,2008
Finland,women,U16,2008
Greece,women,U16,2008
Ireland,women,U16,2008
Israel,women,U16,2008
Luxembourg,women,U16,2008
Montenegro,women,U16,2008
Netherlands,women,U16,2008
Portugal,women,U16,2008
Romania,women,U16,2008
Slovakia,women,U16,2008
Slovenia,women,U16,2008
Switzerland,women,U16,2008
Belarus,women,U20,2007
Belgium,women,U20,2007
Bulgaria,women,U20,2007
Czech Republic,women,U20,2007
France,women,U20,2007
Germany,women,U20,2007
Greece,women,U20,2007
Hungary,women,U20,2007
Israel,women,U20,2007
Italy,women,U20,2007
Latvia,women,U20,2007
Russia,women,U20,2007
Serbia,women,U20,2007
Spain,women,U20,2007
Turkey,women,U20,2007
Ukraine,women,U20,2007
Great Britain,women,U20,2007
Ireland,women,U20,2007
Lithuania,women,U20,2007
Montenegro,women,U20,2007
Netherlands,women,U20,2007
Poland,women,U20,2007
Portugal,women,U20,2007
Romania,women,U20,2007
Sweden,women,U20,2007
Switzerland,women,U20,2007
Belarus,women,U18,2007
Bulgaria,women,U18,2007
Czech Republic,women,U18,2007
France,women,U18,2007
Germany,women,U18,2007
Hungary,women,U18,2007
Italy,women,U18,2007
Lithuania,women,U18,2007
Poland,women,U18,2007
Russia,women,U18,2007
Serbia,women,U18,2007
Slovakia,women,U18,2007
Spain,women,U18,2007
Sweden,women,U18,2007
Turkey,women,U18,2007
Ukraine,women,U18,2007
Austria,women,U18,2007
Belgium,women,U18,2007
Bosnia and Herzegovina,women,U18,2007
Croatia,women,U18,2007
Denmark,women,U18,2007
England,women,U18,2007
Estonia,women,U18,2007
Finland,women,U18,2007
Greece,women,U18,2007
Ireland,women,U18,2007
Israel,women,U18,2007
Latvia,women,U18,2007
Luxembourg,women,U18,2007
Montenegro,women,U18,2007
Netherlands,women,U18,2007
Portugal,women,U18,2007
Romania,women,U18,2007
Scotland,women,U18,2007
Slovenia,women,U18,2007
Belarus,women,U16,2007
Belgium,women,U16,2007
Czech Republic,women,U16,2007
France,women,U16,2007
Greece,women,U16,2007
Hungary,women,U16,2007
Latvia,women,U16,2007
Lithuania,women,U16,2007
Poland,women,U16,2007
Russia,women,U16,2007
Serbia,women,U16,2007
Slovakia,women,U16,2007
Spain,women,U16,2007
Sweden,women,U16,2007
Turkey,women,U16,2007
Ukraine,women,U16,2007
Bosnia and Herzegovina,women,U16,2007
Bulgaria,women,U16,2007
Croatia,women,U16,2007
England,women,U16,2007
Finland,women,U16,2007
Germany,women,U16,2007
Ireland,women,U16,2007
Israel,women,U16,2007
Italy,women,U16,2007
Montenegro,women,U16,2007
Netherlands,women,U16,2007
Portugal,women,U16,2007
Romania,women,U16,2007
Slovenia,women,U16,2007
Belarus,women,U18,2006
Belgium,women,U18,2006
Bulgaria,women,U18,2006
Czech Republic,women,U18,2006
France,women,U18,2006
Germany,women,U18,2006
Greece,women,U18,2006
Hungary,women,U18,2006
Lithuania,women,U18,2006
Poland,women,U18,2006
Russia,women,U18,2006
Serbia & Montenegro,women,U18,2006
Slovakia,women,U18,2006
Spain,women,U18,2006
Sweden,women,U18,2006
Turkey,women,U18,2006
Bosnia and Herzegovina,women,U18,2006
Croatia,women,U18,2006
England,women,U18,2006
Estonia,women,U18,2006
Finland,women,U18,2006
Iceland,women,U18,2006
Ireland,women,U18,2006
Israel,women,U18,2006
Italy,women,U18,2006
Latvia,women,U18,2006
North Macedonia,women,U18,2006
Portugal,women,U18,2006
Romania,women,U18,2006
Ukraine,women,U18,2006
Belarus,women,U16,2006
Croatia,women,U16,2006
Czech Republic,women,U16,2006
Estonia,women,U16,2006
France,women,U16,2006
Greece,women,U16,2006
Hungary,women,U16,2006
Lithuania,women,U16,2006
Poland,women,U16,2006
Russia,women,U16,2006
Serbia & Montenegro,women,U16,2006
Slovakia,women,U16,2006
Spain,women,U16,2006
Turkey,women,U16,2006
Ukraine,women,U16,2006
Austria,women,U16,2006
Bosnia and Herzegovina,women,U16,2006
Bulgaria,women,U16,2006
England,women,U16,2006
Finland,women,U16,2006
Germany,women,U16,2006
Iceland,women,U16,2006
Ireland,women,U16,2006
Israel,women,U16,2006
Italy,women,U16,2006
Latvia,women,U16,2006
Luxembourg,women,U16,2006
Netherlands,women,U16,2006
Portugal,women,U16,2006
Romania,women,U16,2006
Slovenia,women,U16,2006
Sweden,women,U16,2006
Belgium,women,U18,2005
Bulgaria,women,U18,2005
Croatia,women,U18,2005
Czech Republic,women,U18,2005
France,women,U18,2005
Germany,women,U18,2005
Greece,women,U18,2005
Hungary,women,U18,2005
Italy,women,U18,2005
Lithuania,women,U18,2005
Poland,women,U18,2005
Russia,women,U18,2005
Serbia & Montenegro,women,U18,2005
Slovakia,women,U18,2005
Spain,women,U18,2005
Turkey,women,U18,2005
Belarus,women,U18,2005
Bosnia and Herzegovina,women,U18,2005
England,women,U18,2005
Estonia,women,U18,2005
Finland,women,U18,2005
Iceland,women,U18,2005
Ireland,women,U18,2005
Israel,women,U18,2005
Latvia,women,U18,2005
Luxembourg,women,U18,2005
Netherlands,women,U18,2005
Portugal,women,U18,2005
Romania,women,U18,2005
Sweden,women,U18,2005
Ukraine,women,U18,2005
Belarus,women,U16,2005
Belgium,women,U16,2005
Bulgaria,women,U16,2005
Croatia,women,U16,2005
Czech Republic,women,U16,2005
France,women,U16,2005
Greece,women,U16,2005
Hungary,women,U16,2005
Italy,women,U16,2005
Lithuania,women,U16,2005
Poland,women,U16,2005
Russia,women,U16,2005
Serbia & Montenegro,women,U16,2005
Spain,women,U16,2005
Turkey,women,U16,2005
Ukraine,women,U16,2005
Austria,women,U16,2005
Bosnia and Herzegovina,women,U16,2005
England,women,U16,2005
Estonia,women,U16,2005
Finland,women,U16,2005
Germany,women,U16,2005
Iceland,women,U16,2005
Ireland,women,U16,2005
Israel,women,U16,2005
Latvia,women,U16,2005
Netherlands,women,U16,2005
Portugal,women,U16,2005
Romania,women,U16,2005
Slovakia,women,U16,2005
Slovenia,women,U16,2005
Sweden,women,U16,2005
Belarus,women,U16,2004
Belgium,women,U16,2004
Bulgaria,women,U16,2004
Croatia,women,U16,2004
Czech Republic,women,U16,2004
France,women,U16,2004
Germany,women,U16,2004
Greece,women,U16,2004
Hungary,women,U16,2004
Italy,women,U16,2004
Poland,women,U16,2004
Russia,women,U16,2004
Serbia & Montenegro,women,U16,2004
Slovakia,women,U16,2004
Spain,women,U16,2004
Turkey,women,U16,2004
Albania,women,U16,2004
England,women,U16,2004
Estonia,women,U16,2004
Finland,women,U16,2004
Iceland,women,U16,2004
Ireland,women,U16,2004
Latvia,women,U16,2004
Lithuania,women,U16,2004
Luxembourg,women,U16,2004
Netherlands,women,U16,2004
Portugal,women,U16,2004
Romania,women,U16,2004
Slovenia,women,U16,2004
Sweden,women,U16,2004
Ukraine,women,U16,2004
Belgium,women,U16,2006
Bosnia and Herzegovina,women,U16,2004
Israel,women,U16,2004
Belarus,women,U20,2019
Belgium,women,U20,2019
Czech Republic,women,U20,2019
France,women,U20,2019
Germany,women,U20,2019
Hungary,women,U20,2019
Italy,women,U20,2019
Latvia,women,U20,2019
Lithuania,women,U20,2019
Netherlands,women,U20,2019
Poland,women,U20,2019
Portugal,women,U20,2019
Russia,women,U20,2019
Serbia,women,U20,2019
Spain,women,U20,2019
Sweden,women,U20,2019
Bulgaria,women,U20,2019
Croatia,women,U20,2019
Finland,women,U20,2019
Great Britain,women,U20,2019
Greece,women,U20,2019
Iceland,women,U20,2019
Ireland,women,U20,2019
Israel,women,U20,2019
Kosovo,women,U20,2019
Romania,women,U20,2019
Turkey,women,U20,2019
Ukraine,women,U20,2019
Belarus,women,U18,2019
Belgium,women,U18,2019
Bosnia and Herzegovina,women,U18,2019
Croatia,women,U18,2019
Czech Republic,women,U18,2019
France,women,U18,2019
Germany,women,U18,2019
Hungary,women,U18,2019
Israel,women,U18,2019
Italy,women,U18,2019
Latvia,women,U18,2019
Lithuania,women,U18,2019
Poland,women,U18,2019
Russia,women,U18,2019
Serbia,women,U18,2019
Spain,women,U18,2019
Albania,women,U18,2019
Austria,women,U18,2019
Bulgaria,women,U18,2019
Denmark,women,U18,2019
Estonia,women,U18,2019
Finland,women,U18,2019
Great Britain,women,U18,2019
Greece,women,U18,2019
Iceland,women,U18,2019
Ireland,women,U18,2019
Kosovo,women,U18,2019
Luxembourg,women,U18,2019
Netherlands,women,U18,2019
North Macedonia,women,U18,2019
Norway,women,U18,2019
Portugal,women,U18,2019
Romania,women,U18,2019
Slovakia,women,U18,2019
Slovenia,women,U18,2019
Sweden,women,U18,2019
Switzerland,women,U18,2019
Turkey,women,U18,2019
Ukraine,women,U18,2019
Belgium,women,U16,2019
Czech Republic,women,U16,2019
Denmark,women,U16,2019
Finland,women,U16,2019
France,women,U16,2019
Germany,women,U16,2019
Greece,women,U16,2019
Hungary,women,U16,2019
Italy,women,U16,2019
Latvia,women,U16,2019
Lithuania,women,U16,2019
Poland,women,U16,2019
Russia,women,U16,2019
Spain,women,U16,2019
Sweden,women,U16,2019
Turkey,women,U16,2019
Albania,women,U16,2019
Austria,women,U16,2019
Belarus,women,U16,2019
Bosnia and Herzegovina,women,U16,2019
Bulgaria,women,U16,2019
Croatia,women,U16,2019
Great Britain,women,U16,2019
Iceland,women,U16,2019
Ireland,women,U16,2019
Israel,women,U16,2019
Kosovo,women,U16,2019
Luxembourg,women,U16,2019
Montenegro,women,U16,2019
Netherlands,women,U16,2019
North Macedonia,women,U16,2019
Norway,women,U16,2019
Portugal,women,U16,2019
Romania,women,U16,2019
Serbia,women,U16,2019
Slovakia,women,U16,2019
Slovenia,women,U16,2019
Switzerland,women,U16,2019
Ukraine,women,U16,2019
Belgium,women,U20,2018
Croatia,women,U20,2018
France,women,U20,2018
Germany,women,U20,2018
Hungary,women,U20,2018
Italy,women,U20,2018
Latvia,women,U20,2018
Netherlands,women,U20,2018
Poland,women,U20,2018
Portugal,women,U20,2018
Russia,women,U20,2018
Serbia,women,U20,2018
Slovakia,women,U20,2018
Slovenia,women,U20,2018
Spain,women,U20,2018
Sweden,women,U20,2018
Belarus,women,U20,2018
Bulgaria,women,U20,2018
Czech Republic,women,U20,2018
Denmark,women,U20,2018
Great Britain,women,U20,2018
Greece,women,U20,2018
Iceland,women,U20,2018
Israel,women,U20,2018
Lithuania,women,U20,2018
Romania,women,U20,2018
Turkey,women,U20,2018
Ukraine,women,U20,2018
Belgium,women,U18,2018
Bosnia and Herzegovina,women,U18,2018
Croatia,women,U18,2018
Czech Republic,women,U18,2018
France,women,U18,2018
Germany,women,U18,2018
Hungary,women,U18,2018
Ireland,women,U18,2018
Italy,women,U18,2018
Latvia,women,U18,2018
Poland,women,U18,2018
Russia,women,U18,2018
Serbia,women,U18,2018
Slovenia,women,U18,2018
Spain,women,U18,2018
Sweden,women,U18,2018
Albania,women,U18,2018
Austria,women,U18,2018
Belarus,women,U18,2018
Bulgaria,women,U18,2018
Cyprus,women,U18,2018
Denmark,women,U18,2018
Finland,women,U18,2018
Georgia,women,U18,2018
Great Britain,women,U18,2018
Greece,women,U18,2018
Iceland,women,U18,2018
Israel,women,U18,2018
Kosovo,women,U18,2018
Lithuania,women,U18,2018
Luxembourg,women,U18,2018
Montenegro,women,U18,2018
Netherlands,women,U18,2018
Norway,women,U18,2018
Portugal,women,U18,2018
Romania,women,U18,2018
Slovakia,women,U18,2018
Switzerland,women,U18,2018
Turkey,women,U18,2018
Ukraine,women,U18,2018
Belgium,women,U16,2018
Croatia,women,U16,2018
Czech Republic,women,U16,2018
Denmark,women,U16,2018
France,women,U16,2018
Germany,women,U16,2018
Hungary,women,U16,2018
Italy,women,U16,2018
Latvia,women,U16,2018
Lithuania,women,U16,2018
Netherlands,women,U16,2018
Poland,women,U16,2018
Russia,women,U16,2018
Serbia,women,U16,2018
Spain,women,U16,2018
Turkey,women,U16,2018
Albania,women,U16,2018
Belarus,women,U16,2018
Bosnia and Herzegovina,women,U16,2018
Bulgaria,women,U16,2018
Estonia,women,U16,2018
Finland,women,U16,2018
Great Britain,women,U16,2018
Greece,women,U16,2018
Iceland,women,U16,2018
Ireland,women,U16,2018
Israel,women,U16,2018
Kosovo,women,U16,2018
Luxembourg,women,U16,2018
North Macedonia,women,U16,2018
Montenegro,women,U16,2018
Norway,women,U16,2018
Portugal,women,U16,2018
Romania,women,U16,2018
Slovakia,women,U16,2018
Slovenia,women,U16,2018
Sweden,women,U16,2018
Switzerland,women,U16,2018
Ukraine,women,U16,2018
Belgium,women,U20,2017
Bosnia and Herzegovina,women,U20,2017
France,women,U20,2017
Hungary,women,U20,2017
Italy,women,U20,2017
Latvia,women,U20,2017
Lithuania,women,U20,2017
Netherlands,women,U20,2017
Poland,women,U20,2017
Portugal,women,U20,2017
Russia,women,U20,2017
Serbia,women,U20,2017
Slovenia,women,U20,2017
Spain,women,U20,2017
Sweden,women,U20,2017
Turkey,women,U20,2017
Belarus,women,U20,2017
Croatia,women,U20,2017
Czech Republic,women,U20,2017
Germany,women,U20,2017
Great Britain,women,U20,2017
Greece,women,U20,2017
Iceland,women,U20,2017
Ireland,women,U20,2017
Israel,women,U20,2017
Romania,women,U20,2017
Slovakia,women,U20,2017
Ukraine,women,U20,2017
Belgium,women,U18,2017
Bosnia and Herzegovina,women,U18,2017
Croatia,women,U18,2017
Czech Republic,women,U18,2017
France,women,U18,2017
Greece,women,U18,2017
Hungary,women,U18,2017
Italy,women,U18,2017
Latvia,women,U18,2017
Lithuania,women,U18,2017
Russia,women,U18,2017
Serbia,women,U18,2017
Slovenia,women,U18,2017
Spain,women,U18,2017
Sweden,women,U18,2017
Turkey,women,U18,2017
Albania,women,U18,2017
Austria,women,U18,2017
Belarus,women,U18,2017
Bulgaria,women,U18,2017
Estonia,women,U18,2017
Finland,women,U18,2017
Georgia,women,U18,2017
Germany,women,U18,2017
Great Britain,women,U18,2017
Iceland,women,U18,2017
Ireland,women,U18,2017
Israel,women,U18,2017
Luxembourg,women,U18,2017
North Macedonia,women,U18,2017
Moldova,women,U18,2017
Netherlands,women,U18,2017
Norway,women,U18,2017
Poland,women,U18,2017
Portugal,women,U18,2017
Romania,women,U18,2017
Slovakia,women,U18,2017
Switzerland,women,U18,2017
Ukraine,women,U18,2017
Belarus,women,U16,2017
Croatia,women,U16,2017
Czech Republic,women,U16,2017
France,women,U16,2017
Germany,women,U16,2017
Hungary,women,U16,2017
Italy,women,U16,2017
Latvia,women,U16,2017
Lithuania,women,U16,2017
Netherlands,women,U16,2017
Poland,women,U16,2017
Romania,women,U16,2017
Russia,women,U16,2017
Serbia,women,U16,2017
Spain,women,U16,2017
Turkey,women,U16,2017
Albania,women,U16,2017
Belgium,women,U16,2017
Bosnia and Herzegovina,women,U16,2017
Bulgaria,women,U16,2017
Denmark,women,U16,2017
Estonia,women,U16,2017
Finland,women,U16,2017
Great Britain,women,U16,2017
Greece,women,U16,2017
Iceland,women,U16,2017
Ireland,women,U16,2017
Israel,women,U16,2017
Luxembourg,women,U16,2017
North Macedonia,women,U16,2017
Moldova,women,U16,2017
Norway,women,U16,2017
Portugal,women,U16,2017
Slovakia,women,U16,2017
Slovenia,women,U16,2017
Sweden,women,U16,2017
Switzerland,women,U16,2017
Ukraine,women,U16,2017
Belgium,women,U20,2016
Bosnia and Herzegovina,women,U20,2016
France,women,U20,2016
Germany,women,U20,2016
Greece,women,U20,2016
Italy,women,U20,2016
Latvia,women,U20,2016
Netherlands,women,U20,2016
Poland,women,U20,2016
Portugal,women,U20,2016
Russia,women,U20,2016
Serbia,women,U20,2016
Slovakia,women,U20,2016
Spain,women,U20,2016
Sweden,women,U20,2016
Belarus,women,U20,2016
Bulgaria,women,U20,2016
Croatia,women,U20,2016
Czech Republic,women,U20,2016
Great Britain,women,U20,2016
Hungary,women,U20,2016
Ireland,women,U20,2016
Israel,women,U20,2016
Lithuania,women,U20,2016
Montenegro,women,U20,2016
Romania,women,U20,2016
Slovenia,women,U20,2016
Ukraine,women,U20,2016
Belgium,women,U18,2016
Croatia,women,U18,2016
Czech Republic,women,U18,2016
France,women,U18,2016
Hungary,women,U18,2016
Israel,women,U18,2016
Italy,women,U18,2016
Latvia,women,U18,2016
Lithuania,women,U18,2016
Netherlands,women,U18,2016
Russia,women,U18,2016
Serbia,women,U18,2016
Slovakia,women,U18,2016
Slovenia,women,U18,2016
Spain,women,U18,2016
Turkey,women,U18,2016
Albania,women,U18,2016
Belarus,women,U18,2016
Bosnia and Herzegovina,women,U18,2016
Bulgaria,women,U18,2016
Denmark,women,U18,2016
England,women,U18,2016
Estonia,women,U18,2016
Finland,women,U18,2016
Germany,women,U18,2016
Greece,women,U18,2016
Iceland,women,U18,2016
Ireland,women,U18,2016
North Macedonia,women,U18,2016
Poland,women,U18,2016
Portugal,women,U18,2016
Romania,women,U18,2016
Scotland,women,U18,2016
Sweden,women,U18,2016
Ukraine,women,U18,2016
Belarus,women,U16,2016
Croatia,women,U16,2016
Czech Republic,women,U16,2016
France,women,U16,2016
Germany,women,U16,2016
Hungary,women,U16,2016
Italy,women,U16,2016
Latvia,women,U16,2016
Lithuania,women,U16,2016
Portugal,women,U16,2016
Russia,women,U16,2016
Serbia,women,U16,2016
Slovakia,women,U16,2016
Spain,women,U16,2016
Sweden,women,U16,2016
Turkey,women,U16,2016
Albania,women,U16,2016
Austria,women,U16,2016
Belgium,women,U16,2016
Bosnia and Herzegovina,women,U16,2016
Bulgaria,women,U16,2016
Cyprus,women,U16,2016
Denmark,women,U16,2016
England,women,U16,2016
Estonia,women,U16,2016
Finland,women,U16,2016
Greece,women,U16,2016
Iceland,women,U16,2016
Ireland,women,U16,2016
Israel,women,U16,2016
Luxembourg,women,U16,2016
North Macedonia,women,U16,2016
Netherlands,women,U16,2016
Norway,women,U16,2016
Poland,women,U16,2016
Romania,women,U16,2016
Scotland,women,U16,2016
Slovenia,women,U16,2016
Ukraine,women,U16,2016
